{"cameracoeffs": [{"ret": 0.5745049022224132, "mtx": [[676.5638712725471, 0.0, 340.5368944971632], [0.0, 692.9640494536466, 246.23605242065867], [0.0, 0.0, 1.0]], "dist": [[-0.06609914904411947, 5.892575626404855, -0.01649548340541337, -0.0002224339469779558, -45.016461455313284]], "rvecs": [[[-0.21223362513539437], [0.6392783257903966], [1.5604226616348502]], [[-0.20940557441095783], [0.642148709793792], [1.5585903964332328]], [[-0.20680542104306], [0.642268217478426], [1.559246466223678]], [[-0.5723339344828476], [0.12184671206764264], [1.6831974541754422]], [[-0.5773501562706265], [0.11407258315530244], [1.680746489101181]], [[-0.7614135666691942], [0.2506728329896219], [1.4887994001130107]], [[-0.35407287157016015], [0.40074932539109354], [1.5956166552200748]], [[-0.31993830099896436], [0.30607936617075177], [1.5801488009209665]], [[-0.32888667963102236], [0.30888982399363835], [1.5779947246815649]], [[-0.23594464003831578], [0.8737251547720429], [1.5537870636264226]], [[-0.23587959635883946], [0.8801120611112928], [1.5572913804938917]], [[-0.2367866408661823], [0.8827572483722471], [1.5568107838400067]], [[-0.23450944827294545], [0.8841614667180033], [1.555916314021349]]], "tvecs": [[[3.5232109257636863], [-4.790287279247458], [23.495059922094633]], [[3.6242923010732193], [-4.771352618202151], [23.40974999665403]], [[3.650024104547989], [-4.792652304995777], [23.38242698624596]], [[2.9557083044432355], [-2.310410088981268], [28.84779819610274]], [[2.883277666843594], [-2.3402145461485846], [28.837254223775485]], [[6.6134685928909915], [-4.632267163701217], [28.655276859002026]], [[4.1799895084118655], [-3.8804533046427716], [33.31691361211434]], [[4.715557919780427], [-3.984054738490575], [21.462489514808546]], [[4.744294113186068], [-3.9568429566544174], [21.526047373484946]], [[2.5475820815870196], [-6.778131142402749], [21.549505598072734]], [[2.676497787730743], [-6.705925347433643], [21.46541223508059]], [[2.7000813139719053], [-6.693428659570352], [21.450023451841307]], [[2.7574980367730078], [-6.733476733466387], [21.39398776510561]]]}]}