{"cameracoeffs": [{"ret": 0.21022366972199352, "mtx": [[864.5859607370594, 0.0, 306.4445492485587], [0.0, 863.5577105644876, 208.2380032667874], [0.0, 0.0, 1.0]], "dist": [[0.30101478393167064, -2.600568996216891, -0.011653939053384353, -0.006619006821531994, 7.944144889529243]], "rvecs": [[[-0.13692369181638678], [0.24610058623139466], [1.5250146355412737]]], "tvecs": [[[4.228355057672136], [-1.0926410261878676], [25.115921023777126]]]}]}