{"cameracoeffs": [{"ret": 0.4914362190261665, "mtx": [[979.0422377886559, 0.0, 307.7665835505607], [0.0, 1126.7679645050941, 254.59584616588975], [0.0, 0.0, 1.0]], "dist": [[0.5980366366005856, -7.018248979145863, -0.05392280041111778, 0.016808757118892022, -131.02838055951554]], "rvecs": [[[-0.4250615464357101], [0.4365988664860408], [1.612863309672064]]], "tvecs": [[[4.954763317828171], [-5.355079985508016], [32.36005502209978]]]}]}